cluster,0,1
0,0.9478991596638655,0.052100840336134456
1,0.15309700038955978,0.8469029996104402
