cluster,0,1
0,0.9561375993308239,0.04386240066917608
1,0.14459986987638257,0.8554001301236175
