cluster,0,1
0,0.9052631578947369,0.09473684210526316
1,0.10465801886792453,0.8953419811320755
