cluster,0,1
0,0.9036906854130052,0.09630931458699472
1,0.0975699558173785,0.9024300441826215
