cluster,0,1
0,0.9399558977695839,0.06004410223041608
1,0.11779518746502518,0.8822048125349748
