cluster,0,1
0,0.9348905109489051,0.06510948905109488
1,0.12552441684846452,0.8744755831515355
