cluster,0.0,1.0
0,0.9502297090352221,0.04977029096477795
1,0.16048803378695448,0.8395119662130455
