cluster,0.0,1.0
0,0.9590739008419084,0.04092609915809167
1,0.15355279004415898,0.846447209955841
