cluster,0.0,1.0
0,0.950262838657501,0.04973716134249899
1,0.15121042830540038,0.8487895716945997
