cluster,0.0,1.0
0,0.9579849389768891,0.04201506102311088
1,0.14423391048676903,0.855766089513231
