cluster,0.0,1.0
0,0.9089875935221139,0.09101240647788617
1,0.09866867081812325,0.9013313291818768
