cluster,0.0,1.0
0,0.8986679352997146,0.10133206470028544
1,0.09799363836554931,0.9020063616344507
