cluster,0.0,1.0
0,0.9081441922563418,0.09185580774365822
1,0.10606060606060606,0.8939393939393939
