cluster,0.0,1.0
0,0.8949579831932774,0.10504201680672269
1,0.10445937690897984,0.8955406230910201
